scenario,k_monthly,k_annual,precision,tp_annual,avoided,gross_savings,outreach_cost,net_savings,roi_pct
Conservative,100,1200,0.42,504.0,75.6,1134000.0,240000,894000.0,372.5
Base,250,3000,0.34,1020.0000000000001,204.00000000000003,3060000.0000000005,1050000,2010000.0000000005,191.42857142857147
Optimistic,500,6000,0.3,1800.0,540.0,8100000.0,3000000,5100000.0,170.0
