period,auc,ap,p10,base_rate,n
Early (first third),0.6612301557323087,0.17830231196206897,0.21008403361344538,0.08957415565345081,4767
Middle (second third),0.6873456219326748,0.18970793139985342,0.23529411764705882,0.08787751677852348,4768
Late (final third),0.6754133041256746,0.1570140077467388,0.19747899159663865,0.08661912751677853,4768
